wheel_rpm,motor_rpm,wheel_torque_nm,wheel_power_kw
0,0.0,740.674,0.0
1,6.7,740.674,0.078
2,13.4,740.674,0.155
3,20.1,740.674,0.233
4,26.8,740.674,0.31
5,33.5,740.674,0.388
6,40.3,740.674,0.465
7,47.0,740.674,0.543
8,53.7,740.674,0.621
9,60.4,740.674,0.698
10,67.1,740.674,0.776
11,73.8,740.674,0.853
12,80.5,740.674,0.931
13,87.2,740.674,1.008
14,93.9,740.674,1.086
15,100.6,740.674,1.163
16,107.3,740.674,1.241
17,114.1,740.674,1.319
18,120.8,740.674,1.396
19,127.5,740.674,1.474
20,134.2,740.674,1.551
21,140.9,740.674,1.629
22,147.6,740.674,1.706
23,154.3,740.674,1.784
24,161.0,740.674,1.862
25,167.7,740.674,1.939
26,174.4,740.674,2.017
27,181.1,740.674,2.094
28,187.9,740.674,2.172
29,194.6,740.674,2.249
30,201.3,740.674,2.327
31,208.0,740.674,2.404
32,214.7,740.674,2.482
33,221.4,740.674,2.56
34,228.1,740.674,2.637
35,234.8,740.674,2.715
36,241.5,740.674,2.792
37,248.2,740.674,2.87
38,254.9,740.674,2.947
39,261.7,740.674,3.025
40,268.4,740.674,3.103
41,275.1,740.674,3.18
42,281.8,740.674,3.258
43,288.5,740.674,3.335
44,295.2,740.674,3.413
45,301.9,740.674,3.49
46,308.6,740.674,3.568
47,315.3,740.674,3.645
48,322.0,740.674,3.723
49,328.7,740.674,3.801
50,335.4,740.674,3.878
51,342.2,740.674,3.956
52,348.9,740.674,4.033
53,355.6,740.674,4.111
54,362.3,740.674,4.188
55,369.0,740.674,4.266
56,375.7,740.674,4.344
57,382.4,740.674,4.421
58,389.1,740.674,4.499
59,395.8,740.674,4.576
60,402.5,740.674,4.654
61,409.2,740.674,4.731
62,416.0,740.674,4.809
63,422.7,740.674,4.886
64,429.4,740.674,4.964
65,436.1,740.674,5.042
66,442.8,740.674,5.119
67,449.5,740.674,5.197
68,456.2,740.674,5.274
69,462.9,740.674,5.352
70,469.6,740.674,5.429
71,476.3,740.674,5.507
72,483.0,740.674,5.585
73,489.8,740.674,5.662
74,496.5,740.674,5.74
75,503.2,740.674,5.817
76,509.9,740.674,5.895
77,516.6,740.674,5.972
78,523.3,740.674,6.05
79,530.0,740.674,6.127
80,536.7,740.674,6.205
81,543.4,740.674,6.283
82,550.1,740.674,6.36
83,556.8,740.674,6.438
84,563.6,740.674,6.515
85,570.3,740.674,6.593
86,577.0,740.674,6.67
87,583.7,740.674,6.748
88,590.4,740.674,6.826
89,597.1,740.674,6.903
90,603.8,740.674,6.981
91,610.5,740.674,7.058
92,617.2,740.674,7.136
93,623.9,740.674,7.213
94,630.6,740.674,7.291
95,637.4,740.674,7.369
96,644.1,740.674,7.446
97,650.8,740.674,7.524
98,657.5,740.674,7.601
99,664.2,740.674,7.679
100,670.9,740.674,7.756
101,677.6,740.674,7.834
102,684.3,740.674,7.911
103,691.0,740.674,7.989
104,697.7,740.674,8.067
105,704.4,740.674,8.144
106,711.2,740.674,8.222
107,717.9,740.674,8.299
108,724.6,740.674,8.377
109,731.3,740.674,8.454
110,738.0,740.674,8.532
111,744.7,740.674,8.61
112,751.4,740.674,8.687
113,758.1,740.674,8.765
114,764.8,740.674,8.842
115,771.5,740.674,8.92
116,778.2,740.674,8.997
117,785.0,740.674,9.075
118,791.7,740.674,9.152
119,798.4,740.674,9.23
120,805.1,740.674,9.308
121,811.8,740.674,9.385
122,818.5,740.674,9.463
123,825.2,740.674,9.54
124,831.9,740.674,9.618
125,838.6,740.674,9.695
126,845.3,740.674,9.773
127,852.0,740.674,9.851
128,858.8,740.674,9.928
129,865.5,740.674,10.006
130,872.2,740.674,10.083
131,878.9,740.674,10.161
132,885.6,740.674,10.238
133,892.3,740.674,10.316
134,899.0,740.674,10.393
135,905.7,740.674,10.471
136,912.4,740.674,10.549
137,919.1,740.674,10.626
138,925.8,740.674,10.704
139,932.6,740.674,10.781
140,939.3,740.674,10.859
141,946.0,740.674,10.936
142,952.7,740.674,11.014
143,959.4,740.674,11.092
144,966.1,740.674,11.169
145,972.8,740.674,11.247
146,979.5,740.674,11.324
147,986.2,740.674,11.402
148,992.9,740.674,11.479
149,999.6,740.674,11.557
150,1006.4,740.674,11.634
151,1013.1,740.674,11.712
152,1019.8,740.674,11.79
153,1026.5,740.674,11.867
154,1033.2,740.674,11.945
155,1039.9,740.674,12.022
156,1046.6,740.674,12.1
157,1053.3,740.674,12.177
158,1060.0,740.674,12.255
159,1066.7,740.674,12.333
160,1073.4,740.674,12.41
161,1080.1,740.674,12.488
162,1086.9,740.674,12.565
163,1093.6,740.674,12.643
164,1100.3,740.674,12.72
165,1107.0,740.674,12.798
166,1113.7,740.674,12.875
167,1120.4,740.674,12.953
168,1127.1,740.674,13.031
169,1133.8,740.674,13.108
170,1140.5,740.674,13.186
171,1147.2,740.674,13.263
172,1153.9,740.674,13.341
173,1160.7,740.674,13.418
174,1167.4,740.674,13.496
175,1174.1,740.674,13.574
176,1180.8,740.674,13.651
177,1187.5,740.674,13.729
178,1194.2,740.674,13.806
179,1200.9,740.674,13.884
180,1207.6,740.674,13.961
181,1214.3,740.674,14.039
182,1221.0,740.674,14.116
183,1227.7,740.674,14.194
184,1234.5,740.674,14.272
185,1241.2,740.674,14.349
186,1247.9,740.674,14.427
187,1254.6,740.674,14.504
188,1261.3,740.674,14.582
189,1268.0,740.674,14.659
190,1274.7,740.674,14.737
191,1281.4,740.674,14.815
192,1288.1,740.674,14.892
193,1294.8,740.674,14.97
194,1301.5,740.674,15.047
195,1308.3,740.674,15.125
196,1315.0,740.674,15.202
197,1321.7,740.674,15.28
198,1328.4,740.674,15.358
199,1335.1,740.674,15.435
200,1341.8,740.674,15.513
201,1348.5,740.674,15.59
202,1355.2,740.674,15.668
203,1361.9,740.674,15.745
204,1368.6,740.674,15.823
205,1375.3,740.674,15.9
206,1382.1,740.674,15.978
207,1388.8,740.674,16.056
208,1395.5,740.674,16.133
209,1402.2,740.674,16.211
210,1408.9,740.674,16.288
211,1415.6,740.674,16.366
212,1422.3,740.674,16.443
213,1429.0,740.674,16.521
214,1435.7,740.674,16.599
215,1442.4,740.674,16.676
216,1449.1,740.674,16.754
217,1455.9,740.674,16.831
218,1462.6,740.674,16.909
219,1469.3,740.674,16.986
220,1476.0,740.674,17.064
221,1482.7,740.674,17.141
222,1489.4,740.674,17.219
223,1496.1,740.674,17.297
224,1502.8,740.674,17.374
225,1509.5,740.674,17.452
226,1516.2,740.674,17.529
227,1522.9,740.674,17.607
228,1529.7,740.674,17.684
229,1536.4,740.674,17.762
230,1543.1,740.674,17.84
231,1549.8,740.674,17.917
232,1556.5,740.674,17.995
233,1563.2,740.674,18.072
234,1569.9,740.674,18.15
235,1576.6,740.674,18.227
236,1583.3,740.674,18.305
237,1590.0,740.674,18.382
238,1596.7,740.674,18.46
239,1603.5,740.674,18.538
240,1610.2,740.674,18.615
241,1616.9,740.674,18.693
242,1623.6,740.674,18.77
243,1630.3,740.674,18.848
244,1637.0,740.674,18.925
245,1643.7,740.674,19.003
246,1650.4,740.674,19.081
247,1657.1,740.674,19.158
248,1663.8,740.674,19.236
249,1670.5,740.674,19.313
250,1677.2,740.674,19.391
251,1684.0,740.674,19.468
252,1690.7,740.674,19.546
253,1697.4,740.674,19.623
254,1704.1,740.674,19.701
255,1710.8,740.674,19.779
256,1717.5,740.674,19.856
257,1724.2,740.674,19.934
258,1730.9,740.674,20.011
259,1737.6,740.674,20.089
260,1744.3,740.674,20.166
261,1751.0,740.674,20.244
262,1757.8,740.674,20.322
263,1764.5,740.674,20.399
264,1771.2,740.674,20.477
265,1777.9,740.674,20.554
266,1784.6,740.674,20.632
267,1791.3,740.674,20.709
268,1798.0,740.674,20.787
269,1804.7,740.674,20.864
270,1811.4,740.674,20.942
271,1818.1,740.674,21.02
272,1824.8,740.674,21.097
273,1831.6,740.674,21.175
274,1838.3,740.674,21.252
275,1845.0,740.674,21.33
276,1851.7,740.674,21.407
277,1858.4,740.674,21.485
278,1865.1,740.674,21.563
279,1871.8,740.674,21.64
280,1878.5,740.674,21.718
281,1885.2,740.674,21.795
282,1891.9,740.674,21.873
283,1898.6,740.674,21.95
284,1905.4,740.674,22.028
285,1912.1,740.674,22.106
286,1918.8,740.674,22.183
287,1925.5,740.674,22.261
288,1932.2,740.674,22.338
289,1938.9,740.674,22.416
290,1945.6,740.674,22.493
291,1952.3,740.674,22.571
292,1959.0,740.674,22.648
293,1965.7,740.674,22.726
294,1972.4,740.674,22.804
295,1979.2,740.674,22.881
296,1985.9,740.674,22.959
297,1992.6,740.674,23.036
298,1999.3,740.674,23.114
299,2006.0,740.674,23.191
300,2012.7,740.674,23.269
301,2019.4,740.674,23.347
302,2026.1,740.674,23.424
303,2032.8,740.674,23.502
304,2039.5,740.674,23.579
305,2046.2,740.674,23.657
306,2053.0,740.674,23.734
307,2059.7,740.674,23.812
308,2066.4,740.674,23.889
309,2073.1,740.674,23.967
310,2079.8,740.674,24.045
311,2086.5,740.674,24.122
312,2093.2,740.674,24.2
313,2099.9,740.674,24.277
314,2106.6,740.674,24.355
315,2113.3,740.674,24.432
316,2120.0,740.674,24.51
317,2126.8,740.674,24.588
318,2133.5,740.674,24.665
319,2140.2,740.674,24.743
320,2146.9,740.674,24.82
321,2153.6,740.674,24.898
322,2160.3,740.674,24.975
323,2167.0,740.674,25.053
324,2173.7,740.674,25.13
325,2180.4,740.674,25.208
326,2187.1,740.674,25.286
327,2193.8,740.674,25.363
328,2200.6,740.674,25.441
329,2207.3,740.674,25.518
330,2214.0,740.674,25.596
331,2220.7,740.674,25.673
332,2227.4,740.674,25.751
333,2234.1,740.674,25.829
334,2240.8,740.674,25.906
335,2247.5,740.674,25.984
336,2254.2,740.674,26.061
337,2260.9,740.674,26.139
338,2267.6,740.674,26.216
339,2274.4,740.674,26.294
340,2281.1,740.674,26.371
341,2287.8,740.674,26.449
342,2294.5,740.674,26.527
343,2301.2,740.674,26.604
344,2307.9,740.674,26.682
345,2314.6,740.674,26.759
346,2321.3,740.674,26.837
347,2328.0,740.674,26.914
348,2334.7,740.674,26.992
349,2341.4,740.674,27.07
350,2348.2,740.674,27.147
351,2354.9,740.674,27.225
352,2361.6,740.674,27.302
353,2368.3,740.674,27.38
354,2375.0,740.674,27.457
355,2381.7,740.674,27.535
356,2388.4,740.674,27.612
357,2395.1,740.674,27.69
358,2401.8,740.674,27.768
359,2408.5,740.674,27.845
360,2415.2,740.674,27.923
361,2421.9,740.674,28.0
362,2428.7,740.674,28.078
363,2435.4,740.674,28.155
364,2442.1,740.674,28.233
365,2448.8,740.674,28.311
366,2455.5,740.674,28.388
367,2462.2,740.674,28.466
368,2468.9,740.674,28.543
369,2475.6,740.674,28.621
370,2482.3,740.674,28.698
371,2489.0,740.674,28.776
372,2495.7,740.674,28.853
373,2502.5,740.674,28.931
374,2509.2,740.674,29.009
375,2515.9,740.674,29.086
376,2522.6,740.674,29.164
377,2529.3,740.674,29.241
378,2536.0,740.674,29.319
379,2542.7,740.674,29.396
380,2549.4,740.674,29.474
381,2556.1,740.674,29.552
382,2562.8,740.674,29.629
383,2569.5,740.674,29.707
384,2576.3,740.674,29.784
385,2583.0,740.674,29.862
386,2589.7,740.674,29.939
387,2596.4,740.674,30.017
388,2603.1,740.674,30.095
389,2609.8,740.674,30.172
390,2616.5,740.674,30.25
391,2623.2,740.674,30.327
392,2629.9,740.674,30.405
393,2636.6,740.674,30.482
394,2643.3,740.674,30.56
395,2650.1,740.674,30.637
396,2656.8,740.674,30.715
397,2663.5,740.674,30.793
398,2670.2,740.674,30.87
399,2676.9,740.674,30.948
400,2683.6,740.674,31.025
401,2690.3,740.674,31.103
402,2697.0,740.674,31.18
403,2703.7,740.674,31.258
404,2710.4,740.674,31.336
405,2717.1,740.674,31.413
406,2723.9,740.674,31.491
407,2730.6,740.674,31.568
408,2737.3,740.674,31.646
409,2744.0,740.674,31.723
410,2750.7,740.674,31.801
411,2757.4,740.674,31.878
412,2764.1,740.674,31.956
413,2770.8,740.674,32.034
414,2777.5,740.674,32.111
415,2784.2,740.674,32.189
416,2790.9,740.674,32.266
417,2797.7,740.674,32.344
418,2804.4,740.674,32.421
419,2811.1,740.674,32.499
420,2817.8,740.674,32.577
421,2824.5,740.674,32.654
422,2831.2,740.674,32.732
423,2837.9,740.674,32.809
424,2844.6,740.674,32.887
425,2851.3,740.674,32.964
426,2858.0,740.674,33.042
427,2864.7,740.674,33.119
428,2871.5,740.674,33.197
429,2878.2,740.674,33.275
430,2884.9,740.674,33.352
431,2891.6,740.674,33.43
432,2898.3,740.674,33.507
433,2905.0,740.674,33.585
434,2911.7,740.674,33.662
435,2918.4,740.674,33.74
436,2925.1,740.674,33.818
437,2931.8,740.674,33.895
438,2938.5,740.674,33.973
439,2945.3,740.674,34.05
440,2952.0,740.674,34.128
441,2958.7,740.674,34.205
442,2965.4,740.674,34.283
443,2972.1,740.674,34.36
444,2978.8,740.674,34.438
445,2985.5,740.674,34.516
446,2992.2,740.674,34.593
447,2998.9,740.674,34.671
448,3005.6,740.674,34.748
449,3012.3,740.674,34.826
450,3019.0,740.674,34.903
451,3025.8,740.674,34.981
452,3032.5,740.674,35.059
453,3039.2,740.674,35.136
454,3045.9,740.674,35.214
455,3052.6,740.674,35.291
456,3059.3,740.674,35.369
457,3066.0,740.674,35.446
458,3072.7,740.674,35.524
459,3079.4,740.674,35.601
460,3086.1,740.674,35.679
461,3092.8,740.674,35.757
462,3099.6,740.674,35.834
463,3106.3,740.674,35.912
464,3113.0,740.674,35.989
465,3119.7,740.674,36.067
466,3126.4,740.674,36.144
467,3133.1,740.674,36.222
468,3139.8,740.674,36.3
469,3146.5,740.674,36.377
470,3153.2,740.674,36.455
471,3159.9,740.674,36.532
472,3166.6,740.674,36.61
473,3173.4,740.674,36.687
474,3180.1,740.674,36.765
475,3186.8,740.674,36.843
476,3193.5,740.674,36.92
477,3200.2,740.674,36.998
478,3206.9,740.674,37.075
479,3213.6,740.674,37.153
480,3220.3,740.674,37.23
481,3227.0,740.674,37.308
482,3233.7,740.674,37.385
483,3240.4,740.674,37.463
484,3247.2,740.674,37.541
485,3253.9,740.674,37.618
486,3260.6,740.674,37.696
487,3267.3,740.674,37.773
488,3274.0,740.674,37.851
489,3280.7,740.674,37.928
490,3287.4,740.674,38.006
491,3294.1,740.674,38.084
492,3300.8,740.674,38.161
493,3307.5,740.674,38.239
494,3314.2,740.674,38.316
495,3321.0,740.674,38.394
496,3327.7,740.674,38.471
497,3334.4,740.674,38.549
498,3341.1,740.674,38.626
499,3347.8,740.674,38.704
500,3354.5,740.674,38.782
501,3361.2,740.674,38.859
502,3367.9,740.674,38.937
503,3374.6,740.674,39.014
504,3381.3,740.674,39.092
505,3388.0,740.674,39.169
506,3394.8,740.674,39.247
507,3401.5,740.674,39.325
508,3408.2,740.674,39.402
509,3414.9,740.674,39.48
510,3421.6,740.674,39.557
511,3428.3,740.674,39.635
512,3435.0,740.674,39.712
513,3441.7,740.674,39.79
514,3448.4,740.674,39.867
515,3455.1,740.674,39.945
516,3461.8,740.674,40.023
517,3468.6,740.674,40.1
518,3475.3,740.674,40.178
519,3482.0,740.674,40.255
520,3488.7,740.674,40.333
521,3495.4,740.674,40.41
522,3502.1,740.674,40.488
523,3508.8,740.674,40.566
524,3515.5,740.674,40.643
525,3522.2,740.674,40.721
526,3528.9,740.674,40.798
527,3535.6,740.674,40.876
528,3542.4,740.674,40.953
529,3549.1,740.674,41.031
530,3555.8,740.674,41.108
531,3562.5,740.674,41.186
532,3569.2,740.674,41.264
533,3575.9,740.674,41.341
534,3582.6,740.674,41.419
535,3589.3,740.674,41.496
536,3596.0,740.674,41.574
537,3602.7,740.674,41.651
538,3609.4,740.674,41.729
539,3616.2,740.674,41.807
540,3622.9,740.674,41.884
541,3629.6,740.674,41.962
542,3636.3,740.674,42.039
543,3643.0,740.674,42.117
544,3649.7,740.674,42.194
545,3656.4,740.674,42.272
546,3663.1,740.674,42.349
547,3669.8,740.674,42.427
548,3676.5,740.674,42.505
549,3683.2,740.674,42.582
550,3690.0,740.674,42.66
551,3696.7,740.674,42.737
552,3703.4,740.674,42.815
553,3710.1,740.674,42.892
554,3716.8,740.674,42.97
555,3723.5,740.674,43.048
556,3730.2,740.674,43.125
557,3736.9,740.674,43.203
558,3743.6,740.674,43.28
559,3750.3,740.674,43.358
560,3757.0,740.674,43.435
561,3763.7,740.674,43.513
562,3770.5,740.674,43.59
563,3777.2,740.674,43.668
564,3783.9,740.674,43.746
565,3790.6,740.674,43.823
566,3797.3,740.674,43.901
567,3804.0,740.674,43.978
568,3810.7,740.674,44.056
569,3817.4,740.674,44.133
570,3824.1,740.674,44.211
571,3830.8,740.674,44.289
572,3837.5,740.674,44.366
573,3844.3,740.674,44.444
574,3851.0,740.674,44.521
575,3857.7,740.674,44.599
576,3864.4,740.674,44.676
577,3871.1,740.674,44.754
578,3877.8,740.674,44.832
579,3884.5,740.674,44.909
580,3891.2,740.674,44.987
581,3897.9,740.674,45.064
582,3904.6,740.674,45.142
583,3911.3,740.674,45.219
584,3918.1,740.674,45.297
585,3924.8,740.674,45.374
586,3931.5,740.674,45.452
587,3938.2,740.674,45.53
588,3944.9,740.674,45.607
589,3951.6,740.674,45.685
590,3958.3,740.674,45.762
591,3965.0,740.674,45.84
592,3971.7,740.674,45.917
593,3978.4,740.674,45.995
594,3985.1,740.674,46.073
595,3991.9,740.674,46.15
596,3998.6,740.674,46.228
597,4005.3,740.674,46.305
598,4012.0,740.674,46.383
599,4018.7,740.674,46.46
600,4025.4,740.674,46.538
601,4032.1,740.674,46.615
602,4038.8,740.674,46.693
603,4045.5,740.674,46.771
604,4052.2,740.674,46.848
605,4058.9,740.674,46.926
606,4065.7,740.674,47.003
607,4072.4,740.674,47.081
608,4079.1,740.674,47.158
609,4085.8,740.674,47.236
610,4092.5,740.674,47.314
611,4099.2,740.674,47.391
612,4105.9,740.674,47.469
613,4112.6,740.674,47.546
614,4119.3,740.674,47.624
615,4126.0,740.674,47.701
616,4132.7,740.674,47.779
617,4139.5,740.674,47.856
618,4146.2,740.674,47.934
619,4152.9,740.674,48.012
620,4159.6,740.674,48.089
621,4166.3,740.674,48.167
622,4173.0,740.674,48.244
623,4179.7,740.674,48.322
624,4186.4,740.674,48.399
625,4193.1,740.674,48.477
626,4199.8,740.674,48.555
627,4206.5,740.674,48.632
628,4213.3,740.674,48.71
629,4220.0,740.674,48.787
630,4226.7,740.674,48.865
631,4233.4,740.674,48.942
632,4240.1,740.674,49.02
633,4246.8,740.674,49.097
634,4253.5,740.674,49.175
635,4260.2,740.674,49.253
636,4266.9,740.674,49.33
637,4273.6,740.674,49.408
638,4280.3,740.674,49.485
639,4287.1,740.674,49.563
640,4293.8,740.674,49.64
641,4300.5,740.674,49.718
642,4307.2,740.674,49.796
643,4313.9,740.674,49.873
644,4320.6,740.674,49.951
645,4327.3,740.674,50.028
646,4334.0,740.674,50.106
647,4340.7,740.674,50.183
648,4347.4,740.674,50.261
649,4354.1,740.674,50.338
650,4360.8,740.674,50.416
651,4367.6,740.674,50.494
652,4374.3,740.674,50.571
653,4381.0,740.674,50.649
654,4387.7,740.674,50.726
655,4394.4,740.674,50.804
656,4401.1,740.674,50.881
657,4407.8,740.674,50.959
658,4414.5,740.674,51.037
659,4421.2,740.674,51.114
660,4427.9,740.674,51.192
661,4434.6,740.674,51.269
662,4441.4,740.674,51.347
663,4448.1,740.674,51.424
664,4454.8,740.674,51.502
665,4461.5,740.674,51.58
666,4468.2,740.674,51.657
667,4474.9,740.674,51.735
668,4481.6,740.674,51.812
669,4488.3,740.674,51.89
670,4495.0,740.674,51.967
671,4501.7,740.674,52.045
672,4508.4,740.674,52.122
673,4515.2,740.674,52.2
674,4521.9,740.674,52.278
675,4528.6,740.674,52.355
676,4535.3,740.674,52.433
677,4542.0,740.674,52.51
678,4548.7,740.674,52.588
679,4555.4,740.674,52.665
680,4562.1,740.674,52.743
681,4568.8,740.674,52.821
682,4575.5,740.674,52.898
683,4582.2,740.674,52.976
684,4589.0,740.674,53.053
685,4595.7,740.674,53.131
686,4602.4,740.674,53.208
687,4609.1,740.674,53.286
688,4615.8,740.674,53.363
689,4622.5,740.674,53.441
690,4629.2,740.674,53.519
691,4635.9,740.674,53.596
692,4642.6,740.674,53.674
693,4649.3,740.674,53.751
694,4656.0,740.674,53.829
695,4662.8,740.674,53.906
696,4669.5,740.674,53.984
697,4676.2,740.674,54.062
698,4682.9,740.674,54.139
699,4689.6,740.674,54.217
700,4696.3,740.674,54.294
701,4703.0,740.674,54.372
702,4709.7,740.674,54.449
703,4716.4,740.674,54.527
704,4723.1,739.859,54.544
705,4729.8,738.97,54.556
706,4736.6,738.082,54.568
707,4743.3,737.195,54.58
708,4750.0,736.309,54.591
709,4756.7,735.425,54.603
710,4763.4,734.542,54.614
711,4770.1,733.659,54.625
712,4776.8,732.778,54.636
713,4783.5,731.898,54.647
714,4790.2,731.02,54.658
715,4796.9,730.142,54.669
716,4803.6,729.265,54.68
717,4810.4,728.39,54.69
718,4817.1,727.516,54.701
719,4823.8,726.643,54.711
720,4830.5,725.771,54.722
721,4837.2,724.9,54.732
722,4843.9,724.03,54.742
723,4850.6,723.161,54.752
724,4857.3,722.294,54.762
725,4864.0,721.427,54.772
726,4870.7,720.562,54.782
727,4877.4,719.698,54.791
728,4884.2,718.835,54.801
729,4890.9,717.972,54.811
730,4897.6,717.112,54.82
731,4904.3,716.252,54.829
732,4911.0,715.393,54.838
733,4917.7,714.535,54.847
734,4924.4,713.679,54.856
735,4931.1,712.823,54.865
736,4937.8,711.969,54.874
737,4944.5,711.116,54.883
738,4951.2,710.263,54.891
739,4958.0,709.412,54.9
740,4964.7,708.562,54.908
741,4971.4,707.713,54.917
742,4978.1,706.865,54.925
743,4984.8,706.018,54.933
744,4991.5,705.172,54.941
745,4998.2,704.328,54.949
746,5004.9,703.484,54.957
747,5011.6,702.641,54.965
748,5018.3,701.8,54.972
749,5025.0,700.959,54.98
750,5031.8,700.12,54.987
751,5038.5,699.281,54.995
752,5045.2,698.444,55.002
753,5051.9,697.607,55.009
754,5058.6,696.772,55.016
755,5065.3,695.938,55.023
756,5072.0,695.104,55.03
757,5078.7,694.272,55.037
758,5085.4,693.441,55.044
759,5092.1,692.611,55.05
760,5098.8,691.781,55.057
761,5105.5,690.953,55.063
762,5112.3,690.126,55.07
763,5119.0,689.3,55.076
764,5125.7,688.475,55.082
765,5132.4,687.651,55.088
766,5139.1,686.828,55.094
767,5145.8,686.005,55.1
768,5152.5,685.184,55.106
769,5159.2,684.364,55.112
770,5165.9,683.545,55.117
771,5172.6,682.727,55.123
772,5179.3,681.91,55.128
773,5186.1,681.094,55.133
774,5192.8,680.278,55.139
775,5199.5,679.464,55.144
776,5206.2,678.651,55.149
777,5212.9,677.839,55.154
778,5219.6,677.028,55.159
779,5226.3,676.217,55.164
780,5233.0,675.408,55.168
781,5239.7,674.6,55.173
782,5246.4,673.792,55.177
783,5253.1,672.986,55.182
784,5259.9,672.18,55.186
785,5266.6,671.376,55.19
786,5273.3,670.572,55.195
787,5280.0,669.77,55.199
788,5286.7,668.935,55.2
789,5293.4,668.088,55.2
790,5300.1,667.242,55.2
791,5306.8,666.398,55.2
792,5313.5,665.557,55.2
793,5320.2,664.718,55.2
794,5326.9,663.881,55.2
795,5333.7,663.045,55.2
796,5340.4,662.213,55.2
797,5347.1,661.382,55.2
798,5353.8,660.553,55.2
799,5360.5,659.726,55.2
800,5367.2,658.901,55.2
801,5373.9,658.079,55.2
802,5380.6,657.258,55.2
803,5387.3,656.44,55.2
804,5394.0,655.623,55.2
805,5400.7,654.809,55.2
806,5407.5,653.996,55.2
807,5414.2,653.186,55.2
808,5420.9,652.378,55.2
809,5427.6,651.571,55.2
810,5434.3,650.767,55.2
811,5441.0,649.964,55.2
812,5447.7,649.164,55.2
813,5454.4,648.366,55.2
814,5461.1,647.569,55.2
815,5467.8,646.774,55.2
816,5474.5,645.982,55.2
817,5481.3,645.191,55.2
818,5488.0,644.402,55.2
819,5494.7,643.616,55.2
820,5501.4,642.831,55.2
821,5508.1,642.048,55.2
822,5514.8,641.267,55.2
823,5521.5,640.487,55.2
824,5528.2,639.71,55.2
825,5534.9,638.935,55.2
826,5541.6,638.161,55.2
827,5548.3,637.39,55.2
828,5555.1,636.62,55.2
829,5561.8,635.852,55.2
830,5568.5,635.086,55.2
831,5575.2,634.322,55.2
832,5581.9,633.559,55.2
833,5588.6,632.799,55.2
834,5595.3,632.04,55.2
835,5602.0,631.283,55.2
836,5608.7,630.528,55.2
837,5615.4,629.774,55.2
838,5622.1,629.023,55.2
839,5628.9,628.273,55.2
840,5635.6,627.525,55.2
841,5642.3,626.779,55.2
842,5649.0,626.035,55.2
843,5655.7,625.292,55.2
844,5662.4,624.551,55.2
845,5669.1,623.812,55.2
846,5675.8,623.075,55.2
847,5682.5,622.339,55.2
848,5689.2,621.605,55.2
849,5695.9,620.873,55.2
850,5702.6,620.143,55.2
851,5709.4,619.414,55.2
852,5716.1,618.687,55.2
853,5722.8,617.962,55.2
854,5729.5,617.238,55.2
855,5736.2,616.516,55.2
856,5742.9,615.796,55.2
857,5749.6,615.077,55.2
858,5756.3,614.36,55.2
859,5763.0,613.645,55.2
860,5769.7,612.932,55.2
861,5776.4,612.22,55.2
862,5783.2,611.509,55.2
863,5789.9,610.801,55.2
864,5796.6,610.094,55.2
865,5803.3,609.389,55.2
866,5810.0,608.685,55.2
867,5816.7,607.983,55.2
868,5823.4,607.282,55.2
869,5830.1,606.584,55.2
870,5836.8,605.886,55.2
871,5843.5,605.191,55.2
872,5850.2,604.497,55.2
873,5857.0,603.804,55.2
874,5863.7,603.113,55.2
875,5870.4,602.424,55.2
876,5877.1,601.736,55.2
877,5883.8,601.05,55.2
878,5890.5,600.366,55.2
879,5897.2,599.661,55.198
880,5903.9,598.952,55.195
881,5910.6,598.258,55.194
882,5917.3,597.577,55.194
883,5924.0,596.909,55.195
884,5930.8,596.252,55.196
885,5937.5,595.606,55.199
886,5944.2,594.945,55.2
887,5950.9,594.274,55.2
888,5957.6,593.605,55.2
889,5964.3,592.937,55.2
890,5971.0,592.271,55.2
891,5977.7,591.606,55.2
892,5984.4,590.943,55.2
893,5991.1,590.281,55.2
894,5997.8,589.621,55.2
895,6004.6,588.962,55.2
896,6011.3,588.305,55.2
897,6018.0,587.649,55.2
898,6024.7,586.995,55.2
899,6031.4,586.342,55.2
900,6038.1,585.69,55.2
901,6044.8,585.04,55.2
902,6051.5,584.392,55.2
903,6058.2,583.744,55.2
904,6064.9,583.099,55.2
905,6071.6,582.454,55.2
906,6078.4,581.811,55.2
907,6085.1,581.17,55.2
908,6091.8,580.53,55.2
909,6098.5,579.891,55.2
910,6105.2,579.254,55.2
911,6111.9,578.618,55.2
912,6118.6,577.984,55.2
913,6125.3,577.351,55.2
914,6132.0,576.632,55.192
915,6138.7,575.803,55.173
916,6145.4,574.952,55.151
917,6152.2,574.076,55.127
918,6158.9,573.176,55.101
919,6165.6,572.258,55.073
920,6172.3,571.328,55.043
921,6179.0,570.386,55.012
922,6185.7,569.432,54.98
923,6192.4,568.465,54.946
924,6199.1,567.486,54.911
925,6205.8,566.494,54.874
926,6212.5,565.489,54.836
927,6219.2,564.472,54.796
928,6226.0,563.442,54.755
929,6232.7,562.399,54.713
930,6239.4,561.344,54.669
931,6246.1,560.275,54.624
932,6252.8,559.194,54.577
933,6259.5,558.099,54.528
934,6266.2,556.992,54.478
935,6272.9,555.871,54.427
936,6279.6,554.737,54.374
937,6286.3,553.59,54.32
938,6293.0,552.429,54.264
939,6299.8,551.255,54.206
940,6306.5,550.068,54.147
941,6313.2,548.867,54.086
942,6319.9,547.653,54.024
943,6326.6,546.425,53.96
944,6333.3,545.183,53.894
945,6340.0,543.928,53.827
946,6346.7,542.658,53.758
947,6353.4,541.375,53.688
948,6360.1,540.078,53.616
949,6366.8,538.768,53.542
950,6373.5,537.443,53.467
951,6380.3,536.104,53.39
952,6387.0,534.75,53.311
953,6393.7,533.383,53.231
954,6400.4,532.001,53.148
955,6407.1,530.606,53.064
956,6413.8,529.195,52.979
957,6420.5,527.771,52.891
958,6427.2,526.331,52.802
959,6433.9,524.878,52.711
960,6440.6,523.409,52.619
961,6447.3,521.926,52.524
962,6454.1,520.428,52.428
963,6460.8,518.916,52.33
964,6467.5,517.389,52.23
965,6474.2,515.846,52.129
966,6480.9,514.289,52.025
967,6487.6,512.717,51.92
968,6494.3,511.129,51.813
969,6501.0,509.527,51.703
970,6507.7,507.909,51.592
971,6514.4,506.276,51.48
972,6521.1,504.628,51.365
973,6527.9,502.965,51.248
974,6534.6,501.286,51.13
975,6541.3,499.591,51.009
976,6548.0,497.881,50.887
977,6554.7,496.156,50.762
978,6561.4,494.414,50.636
979,6568.1,492.657,50.508
980,6574.8,490.884,50.377
981,6581.5,489.096,50.245
982,6588.2,487.291,50.111
983,6594.9,485.471,49.974
984,6601.7,483.634,49.836
985,6608.4,481.782,49.695
986,6615.1,479.913,49.553
987,6621.8,478.028,49.408
988,6628.5,476.127,49.262
989,6635.2,474.21,49.113
990,6641.9,472.276,48.962
991,6648.6,470.326,48.809
992,6655.3,468.359,48.654
993,6662.0,466.376,48.497
994,6668.7,464.376,48.338
995,6675.5,462.36,48.176
996,6682.2,460.327,48.012
997,6688.9,458.277,47.847
998,6695.6,456.21,47.679
999,6702.3,454.126,47.508
1000,6709.0,452.026,47.336
1001,6715.7,449.908,47.161
1002,6722.4,447.774,46.985
1003,6729.1,445.622,46.805
1004,6735.8,443.453,46.624
1005,6742.5,441.267,46.44
1006,6749.3,439.063,46.254
1007,6756.0,436.842,46.066
1008,6762.7,434.604,45.876
1009,6769.4,432.348,45.683
1010,6776.1,430.075,45.488
1011,6782.8,427.784,45.29
1012,6789.5,425.476,45.09
1013,6796.2,423.149,44.888
1014,6802.9,420.805,44.684
1015,6809.6,418.444,44.477
1016,6816.3,416.064,44.267
1017,6823.1,413.666,44.055
1018,6829.8,411.251,43.841
1019,6836.5,408.817,43.625
1020,6843.2,406.365,43.406
1021,6849.9,403.895,43.184
1022,6856.6,401.407,42.96
1023,6863.3,398.901,42.734
1024,6870.0,396.376,42.505
1025,6876.7,393.833,42.273
1026,6883.4,391.271,42.039
1027,6890.1,388.691,41.803
1028,6896.9,386.092,41.564
1029,6903.6,383.474,41.322
1030,6910.3,380.821,41.076
1031,6917.0,378.033,40.815
1032,6923.7,375.1,40.537
1033,6930.4,372.027,40.244
1034,6937.1,368.82,39.936
1035,6943.8,365.482,39.613
1036,6950.5,362.019,39.275
1037,6957.2,358.435,38.924
1038,6963.9,354.737,38.56
1039,6970.7,350.927,38.182
1040,6977.4,347.012,37.793
1041,6984.1,342.996,37.391
1042,6990.8,338.884,36.978
1043,6997.5,334.681,36.555
1044,7004.2,330.392,36.121
1045,7010.9,326.022,35.677
1046,7017.6,321.575,35.224
1047,7024.3,317.057,34.763
1048,7031.0,312.472,34.293
1049,7037.7,307.826,33.815
1050,7044.4,303.123,33.33
1051,7051.2,298.368,32.838
1052,7057.9,293.566,32.341
1053,7064.6,288.721,31.837
1054,7071.3,283.84,31.329
1055,7078.0,278.926,30.816
1056,7084.7,273.984,30.298
1057,7091.4,269.02,29.777
1058,7098.1,264.038,29.254
1059,7104.8,259.044,28.727
1060,7111.5,254.041,28.199
1061,7118.2,249.036,27.67
1062,7125.0,244.032,27.139
1063,7131.7,239.035,26.609
1064,7138.4,234.049,26.078
1065,7145.1,229.08,25.549
1066,7151.8,224.133,25.02
1067,7158.5,219.212,24.494
1068,7165.2,214.322,23.97
1069,7171.9,209.468,23.449
1070,7178.6,204.655,22.932
1071,7185.3,199.887,22.418
1072,7192.0,195.171,21.91
1073,7198.8,190.509,21.406
1074,7205.5,185.861,20.904
1075,7212.2,181.197,20.398
1076,7218.9,176.519,19.89
1077,7225.6,171.825,19.379
1078,7232.3,167.117,18.866
1079,7239.0,162.395,18.349
1080,7245.7,157.658,17.831
1081,7252.4,152.907,17.309
1082,7259.1,148.142,16.786
1083,7265.8,143.363,16.259
1084,7272.6,138.57,15.73
1085,7279.3,133.764,15.198
1086,7286.0,128.944,14.664
1087,7292.7,124.11,14.127
1088,7299.4,119.263,13.588
1089,7306.1,114.403,13.046
1090,7312.8,109.529,12.502
1091,7319.5,104.643,11.955
1092,7326.2,99.744,11.406
1093,7332.9,94.832,10.854
1094,7339.6,89.908,10.3
1095,7346.4,84.971,9.743
1096,7353.1,80.022,9.184
1097,7359.8,75.061,8.623
1098,7366.5,70.087,8.059
1099,7373.2,65.102,7.492
1100,7379.9,60.105,6.924
1101,7386.6,55.096,6.352
1102,7393.3,50.076,5.779
1103,7400.0,45.044,5.203
1104,7406.7,40.001,4.625
1105,7413.4,34.946,4.044
1106,7420.2,29.881,3.461
1107,7426.9,24.805,2.876
1108,7433.6,19.718,2.288
1109,7440.3,15.657,1.818
1110,7447.0,15.589,1.812
1111,7453.7,15.522,1.806
1112,7460.4,15.454,1.8
1113,7467.1,15.387,1.793
1114,7473.8,15.32,1.787
1115,7480.5,15.252,1.781
1116,7487.2,15.185,1.775
1117,7494.0,15.118,1.768
1118,7500.7,15.05,1.762
1119,7507.4,14.983,1.756
1120,7514.1,14.916,1.749
1121,7520.8,14.848,1.743
1122,7527.5,14.781,1.737
1123,7534.2,14.714,1.73
1124,7540.9,14.646,1.724
1125,7547.6,14.579,1.718
1126,7554.3,14.512,1.711
1127,7561.0,14.444,1.705
1128,7567.8,14.377,1.698
1129,7574.5,14.31,1.692
1130,7581.2,14.242,1.685
1131,7587.9,14.175,1.679
1132,7594.6,14.108,1.672
1133,7601.3,14.04,1.666
1134,7608.0,13.973,1.659
1135,7614.7,13.906,1.653
1136,7621.4,13.838,1.646
1137,7628.1,13.771,1.64
1138,7634.8,13.703,1.633
1139,7641.6,13.636,1.626
1140,7648.3,13.569,1.62
1141,7655.0,13.501,1.613
1142,7661.7,13.434,1.607
1143,7668.4,13.367,1.6
1144,7675.1,13.299,1.593
1145,7681.8,13.232,1.587
1146,7688.5,13.165,1.58
1147,7695.2,13.097,1.573
1148,7701.9,13.03,1.566
1149,7708.6,12.963,1.56
1150,7715.4,12.895,1.553
1151,7722.1,12.828,1.546
1152,7728.8,12.761,1.539
1153,7735.5,12.693,1.533
1154,7742.2,12.626,1.526
1155,7748.9,12.559,1.519
1156,7755.6,12.491,1.512
1157,7762.3,12.424,1.505
1158,7769.0,12.357,1.498
1159,7775.7,12.289,1.492
1160,7782.4,12.222,1.485
1161,7789.1,12.155,1.478
1162,7795.9,12.087,1.471
1163,7802.6,12.02,1.464
1164,7809.3,11.953,1.457
1165,7816.0,11.885,1.45
1166,7822.7,11.818,1.443
1167,7829.4,11.75,1.436
1168,7836.1,11.683,1.429
1169,7842.8,11.616,1.422
1170,7849.5,11.548,1.415
1171,7856.2,11.481,1.408
1172,7862.9,11.414,1.401
1173,7869.7,11.346,1.394
1174,7876.4,11.279,1.387
1175,7883.1,11.212,1.38
1176,7889.8,11.144,1.372
1177,7896.5,11.077,1.365
1178,7903.2,11.01,1.358
1179,7909.9,10.942,1.351
1180,7916.6,10.875,1.344
1181,7923.3,10.808,1.337
1182,7930.0,10.74,1.329
1183,7936.7,10.673,1.322
1184,7943.5,10.606,1.315
1185,7950.2,10.538,1.308
1186,7956.9,10.471,1.3
1187,7963.6,10.404,1.293
1188,7970.3,10.336,1.286
1189,7977.0,10.269,1.279
1190,7983.7,10.202,1.271
1191,7990.4,10.134,1.264
1192,7997.1,10.067,1.257
1193,8003.8,10.0,1.249
1194,8010.5,9.932,1.242
1195,8017.3,9.865,1.234
1196,8024.0,9.797,1.227
1197,8030.7,9.73,1.22
1198,8037.4,9.663,1.212
1199,8044.1,9.595,1.205
1200,8050.8,9.528,1.197
1201,8057.5,9.461,1.19
1202,8064.2,9.393,1.182
1203,8070.9,9.326,1.175
1204,8077.6,9.259,1.167
1205,8084.3,9.191,1.16
1206,8091.1,9.124,1.152
1207,8097.8,9.057,1.145
1208,8104.5,8.989,1.137
1209,8111.2,8.922,1.13
1210,8117.9,8.855,1.122
1211,8124.6,8.787,1.114
1212,8131.3,8.72,1.107
1213,8138.0,8.653,1.099
1214,8144.7,8.585,1.091
1215,8151.4,8.518,1.084
1216,8158.1,8.451,1.076
1217,8164.9,8.383,1.068
1218,8171.6,8.316,1.061
1219,8178.3,8.249,1.053
1220,8185.0,8.181,1.045
1221,8191.7,8.114,1.037
1222,8198.4,8.047,1.03
1223,8205.1,7.979,1.022
1224,8211.8,7.912,1.014
1225,8218.5,7.844,1.006
1226,8225.2,7.777,0.998
1227,8231.9,7.71,0.991
1228,8238.7,7.642,0.983
1229,8245.4,7.575,0.975
1230,8252.1,7.508,0.967
1231,8258.8,7.44,0.959
1232,8265.5,7.373,0.951
1233,8272.2,7.306,0.943
1234,8278.9,7.238,0.935
1235,8285.6,7.171,0.927
1236,8292.3,7.104,0.919
1237,8299.0,7.036,0.911
1238,8305.7,6.969,0.903
1239,8312.5,6.902,0.895
1240,8319.2,6.834,0.887
1241,8325.9,6.767,0.879
1242,8332.6,6.7,0.871
1243,8339.3,6.632,0.863
1244,8346.0,6.565,0.855
1245,8352.7,6.498,0.847
1246,8359.4,6.43,0.839
1247,8366.1,6.363,0.831
1248,8372.8,6.296,0.823
1249,8379.5,6.228,0.815
1250,8386.2,6.161,0.806
1251,8393.0,6.093,0.798
1252,8399.7,6.026,0.79
1253,8406.4,5.959,0.782
1254,8413.1,5.891,0.774
1255,8419.8,5.824,0.765
1256,8426.5,5.757,0.757
1257,8433.2,5.689,0.749
1258,8439.9,5.622,0.741
1259,8446.6,5.555,0.732
1260,8453.3,5.487,0.724
1261,8460.0,5.42,0.716
1262,8466.8,5.353,0.707
1263,8473.5,5.285,0.699
1264,8480.2,5.218,0.691
1265,8486.9,5.151,0.682
1266,8493.6,5.083,0.674
1267,8500.3,5.016,0.666
1268,8507.0,4.949,0.657
1269,8513.7,4.881,0.649
1270,8520.4,4.814,0.64
1271,8527.1,4.747,0.632
1272,8533.8,4.679,0.623
1273,8540.6,4.612,0.615
1274,8547.3,4.545,0.606
1275,8554.0,4.477,0.598
1276,8560.7,4.41,0.589
1277,8567.4,4.343,0.581
1278,8574.1,4.275,0.572
1279,8580.8,4.208,0.564
1280,8587.5,4.14,0.555
1281,8594.2,4.073,0.546
1282,8600.9,4.006,0.538
1283,8607.6,3.938,0.529
1284,8614.4,3.871,0.521
1285,8621.1,3.804,0.512
1286,8627.8,3.736,0.503
1287,8634.5,3.669,0.494
1288,8641.2,3.602,0.486
1289,8647.9,3.534,0.477
1290,8654.6,3.467,0.468
1291,8661.3,3.4,0.46
1292,8668.0,3.332,0.451
1293,8674.7,3.265,0.442
1294,8681.4,3.198,0.433
1295,8688.2,3.13,0.425
1296,8694.9,3.063,0.416
1297,8701.6,2.996,0.407
1298,8708.3,2.928,0.398
1299,8715.0,2.861,0.389
1300,8721.7,2.794,0.38
1301,8728.4,2.726,0.371
1302,8735.1,2.659,0.363
1303,8741.8,2.592,0.354
1304,8748.5,2.524,0.345
1305,8755.2,2.457,0.336
1306,8762.0,2.39,0.327
1307,8768.7,2.322,0.318
1308,8775.4,2.255,0.309
1309,8782.1,2.187,0.3
1310,8788.8,2.12,0.291
1311,8795.5,2.053,0.282
1312,8802.2,1.985,0.273
1313,8808.9,1.918,0.264
1314,8815.6,1.851,0.255
1315,8822.3,1.783,0.246
1316,8829.0,1.716,0.236
1317,8835.8,1.649,0.227
1318,8842.5,1.581,0.218
1319,8849.2,1.514,0.209
1320,8855.9,1.447,0.2
1321,8862.6,1.379,0.191
1322,8869.3,1.312,0.182
1323,8876.0,1.245,0.172
1324,8882.7,1.177,0.163
1325,8889.4,1.11,0.154
1326,8896.1,1.043,0.145
1327,8902.8,0.975,0.136
1328,8909.6,0.908,0.126
1329,8916.3,0.841,0.117
1330,8923.0,0.773,0.108
1331,8929.7,0.706,0.098
1332,8936.4,0.639,0.089
1333,8943.1,0.571,0.08
1334,8949.8,0.504,0.07
1335,8956.5,0.437,0.061
1336,8963.2,0.369,0.052
1337,8969.9,0.302,0.042
1338,8976.6,0.234,0.033
1339,8983.4,0.167,0.023
1340,8990.1,0.1,0.014
1341,8996.8,0.032,0.005
